storage,inflow,discharge
Storage in Mcft,inflow in cusec,Discharge in cusec
1344,100,550 + 77
1295,100,550 + 77
1246,250,500 + 77
1173,0,764 + 77
1149,300,355 + 67
1149,100,0 + 76
1124,0,0 + 77
1100,0,0 + 76
1100,100,0 + 77
1100,100,0 + 76
1124,850,585 + 77
1149,850,587 + 77
1149,750,662 + 76
1149,400,323 + 76
1149,400,323 + 76
1124,400,514 + 77
1124,400,315 + 77
1124,200,120 + 76
1124,200,120 + 76
1124,200,120 + 76
1149,300,33 + 77
1173,300,35 + 75
1222,600,147 + 73
1295,650,0 + 77
1368,675,0 + 76
1368,275,191 + 76
1415,450,0 + 77
1465,450,0 + 77
1465,150,50 + 76
1465,150,80 + 50
1465,125,48 + 77
1465,125,40 + 77
1465,125,40 + 75
1465,125,40 + 73
1465,100,25 + 75
1465,100,24 + 76
1465,100,15 + 75
1465,100,15 + 77
1465,100,15 + 74
1465,100,15 + 76
1465,100,13 + 77
1465,100,15 + 75
1465,100,13 + 77
1465,100,13 + 77
1465,100,13 + 77
1465,100,13 + 77
1465,100,13 + 77
1465,100,10 + 76
1465,100,10 + 77
1465,100,10 + 77
1465,100,15 + 64
1465,100,10 + 77
1453,0,15 + 76
1441,0,10 + 75
1429,0,10 + 75
1416,0,10 + 76
1404,0,10 + 75
1392,0,10 + 76
1380,0,10 + 75
1368,0,10 + 75
1356,0,10 + 75
1344,0,10 + 75
1331,0,10 + 76
1319,0,10 + 75
1307,0,10 + 75
1295,0,10 + 62
1283,0,10 + 76
1271,0,10 + 76
1258,0,10 + 76
1246,0,10 + 77
1234,0,10 + 76
1295,700,0 + 77
1441,600,684 + 77
1465,100,0 + 74
1465,100,0 + 77
1465,100,0 + 77
1465,100,0 + 77
1465,100,0 + 77
1441,0,20 + 77
1429,0,0 + 77
1416,0,0 + 77
1416,100,0 + 77
1404,0,0 + 77
1392,30,0 + 77
1368,0,0 + 77
1356,0,0 + 77
1344,0,0 + 77
1319,0,20 + 75
1307,0,0 + 74
1295,0,0 + 76
1283,0,0 + 76
1271,0,0 + 76
1271,100,0 + 75
1271,100,0 + 76
1271,100,0 + 76
1271,100,0 + 75
1271,100,0 + 77
1271,100,0 + 76
1271,100,0 + 76
1271,100,0 + 76
1271,100,0 + 76
1271,100,0 + 74
1258,0,0 + 75
1246,0,0 + 76
1234,0,0 + 75
1210,0,20 + 76
1197,0,0 + 76
1185,0,0 + 73
1173,0,0 + 76
1149,0,0 + 75
1124,0,0 + 75
1100,0,0 + 76
1076,0,0 + 75
1051,0,0 + 75
1027,0,0 + 76
1003,0,0 + 76
978,0,0 + 75
967,0,0 + 71
957,0,0 + 74
946,0,0 + 77
935,0,0 + 75
924,0,0 + 75
914,0,0 + 76
892,0,0 + 75
871,0,0 + 76
849,0,0 + 77
828,0,0 + 76
806,0,0 + 67
785,0,0 + 75
763,0,0 + 77
742,0,0 + 76
720,0,0 + 76
704,0,0 + 76
687,0,0 + 76
671,0,0 + 76
687,0,0 + 75
671,0,0 + 77
655,0,0 + 76
638,0,0 + 77
623,0,0 + 76
605,0,0 + 74
589,0,0 + 67
573,0,0 + 75
556,0,0 + 75
540,0,0 + 77
532,0,0 + 77
523,0,0 + 77
507,0,0 + 77
491,0,0 + 76
474,0,0 + 76
458,0,0 + 75
441,0,0 + 75
425,0,0 + 73
409,0,0 + 76
400,0,0 + 73
392,0,0 + 72
384,0,0 + 72
376,0,0 + 73
368,0,0 + 73
359,0,0 + 73
343,0,0 + 73
335,0,0 + 70
327,0,0 + 67
310,0,0 + 66
294,0,0 + 71
277,0,0 + 64
261,0,0 + 62
245,0,0 + 63
220,0,0 + 59
195,0,0 + 60
187,0,0 + 59
179,0,0 + 58
175,0,0 + 62
187,200,0 + 62
204,200,0 + 63
220,200,0 + 66
236,200,0 + 67
261,350,0 + 68
277,200,0 + 65
294,200,0 + 66
286,0,0 + 65
310,350,0 + 66
318,200,0 + 64
327,150,0 + 51
335,175,0 + 74
343,175,0 + 75
351,175,0 + 72
376,375,0 + 75
368,0,0 + 74
376,175,0 + 76
392,275,0 + 75
392,100,0 + 76
392,100,0 + 74
400,175,0 + 76
400,100,0 + 75
400,100,0 + 74
400,100,0 + 74
400,100,0 + 75
400,100,0 + 74
409,200,0 + 70
425,275,0 + 73
441,275,0 + 74
458,275,0 + 75
482,375,0 + 73
507,375,0 + 72
556,650,0 + 74
605,650,0 + 75
623,275,0 + 75
638,275,0 + 76
655,275,0 + 76
663,100,0 + 75
671,100,0 + 75
679,100,0 + 76
679,100,0 + 75
679,100,0 + 77
679,100,0 + 76
679,100,0 + 76
679,100,0 + 75
679,100,0 + 48
679,100,0 + 74
679,100,0 + 76
679,100,0 + 77
679,100,0 + 77
679,100,0 + 76
679,100,0 + 76
679,100,0 + 76
679,100,0 + 76
679,100,0 + 77
679,100,0 + 77
671,0,0 + 77
671,100,0 + 77
671,100,0 + 77
687,300,0 + 66
704,300,0 + 77
785,500,0 + 74
849,650,0 + 77
914,650,0 + 76
978,650,0 + 75
1051,650,0 + 75
1100,450,0 + 73
1149,650,150 + 73
1173,400,130 + 74
1197,400,130 + 74
1222,400,130 + 75
1222,350,250 + 76
1173,400,714 + 72
1124,400,697 + 76
1076,350,659 + 75
1003,350,865 + 76
957,350,826 + 77
914,300,693 + 76
892,350,521 + 76
871,350,528 + 76
871,700,623 + 76
849,350,693 + 75
828,600,772 + 76
785,500,906 + 76
720,200,862 + 76
671,200,761 + 76
638,250,566 + 76
605,250,555 + 75
556,150,648 + 73
507,150,645 + 77
458,150,651 + 70
409,400,863 + 75
392,500,633 + 76
376,400,520 + 75
376,400,335 + 75
343,400,703 + 75
343,450,373 + 76
343,450,373 + 77
327,500,620 + 76
310,450,564 + 76
310,450,350 + 75
327,500,235 + 75
343,600,327 + 76
359,600,336 + 76
376,600,342 + 76
376,700,625 + 77
376,700,625 + 76
359,600,713 + 76
359,700,626 + 75
359,700,628 + 73
327,500,807 + 76
310,500,617 + 70
310,450,627 + 73
327,400,167 + 76
425,1300,172 + 73
573,1900,0 + 72
687,1500,0 + 73
763,950,0 + 75
763,550,475 + 75
763,425,327 + 74
763,425,327 + 76
763,375,277 + 75
763,375,277 + 75
763,375,277 + 67
763,375,277 + 75
763,375,277 + 77
763,400,327 + 76
763,400,327 + 77
763,150,70 + 75
742,150,324 + 76
704,100,464 + 76
671,100,404 + 76
605,100,782 + 76
556,100,592 + 76
507,100,586 + 76
491,350,464 + 75
474,400,524 + 75
441,400,705 + 75
409,400,705 + 75
409,450,370 + 76
409,400,325 + 75
392,400,502 + 77
359,400,718 + 75
359,400,324 + 75
343,400,503 + 75
343,400,324 + 76
359,550,290 + 76
376,550,300 + 76
376,650,575 + 76
376,575,503 + 73
376,575,499 + 76
425,575,154 + 76
490,1000,156 + 76
623,2000,371 + 74
704,1000,0 + 77
785,1100,439 + 75
871,2200,1575 + 76
892,12500,12297 + 74
1222,21000,16825 + 70
1173,12000,13308 + 75
978,6500,8896 + 69
978,1000,0 + 74
978,200,0 + 77
978,100,0 + 75
978,100,0 + 77
978,90,0 + 76
957,0,125 + 75
935,0,163 + 77
806,0,116 + 76 + 2308
785,0,173 + 77
785,100,0 + 76
871,1600,512 + 76
871,600,512 + 73
871,100,0 + 76
871,90,0 + 75
849,0,170 + 76
871,350,0 + 77
871,1800,0 + 77 + 1676
871,500,0 + 77 + 402
871,100,0 + 77
871,100,0 + 77
849,0,150 + 77
871,500,180 + 73
871,400,334 + 76
892,600,300 + 76
914,500,170 + 77
871,250,650 + 71
806,100,623 + 77
742,100,750 + 77
720,250,400 + 77
672,200,650 + 77
638,250,550 + 76
605,200,500 + 75
Storage in Mcft,inflow in cusec,Discharge in cusec
589,200,334 + 76
556,350,659 + 77
523,450,757 + 76
507,500,626 + 76
491,350,464 + 76
474,375,489 + 76
474,400,350 + 76
474,400,331 + 76
474,350,391 + 75
458,250,376 + 76
474,425,181 + 76
491,450,183 + 77
491,450,370 + 74
474,350,456 + 76
458,300,393 + 76
491,450,0 + 76
540,700,24 + 76
623,1200,75 + 76
742,1600,75 + 77
871,1700,75 + 76
978,1600,175 + 65
1100,1700,204 + 76
1246,1750,0 + 76
1344,1250,0 + 77
1344,250,159 + 73
1319,200,359 + 76
1319,250,179 + 77
1344,250,0 + 76
1344,250,159 + 76
1368,350,0 + 76
1368,200,125 + 75
1416,650,0 + 76
1465,650,0 + 77
1465,200,118 + 75
1465,200,118 + 75
1465,250,177 + 76
1465,150,78 + 73
1465,150,78 + 76
1465,150,78 + 76
1465,125,40 + 77
1465,100,20 + 75
1465,100,20 + 76
1465,100,0 + 76
1453,0,14 + 76
1441,0,20 + 76
1416,0,198 + 76
1392,0,198 + 76
1368,0,198 + 76
1356,0,0 + 76
1344,0,0 + 76
1319,0,0 + 76
1295,0,0 + 76
1271,0,0 + 75
1246,0,0 + 77
1222,0,0 + 76
1197,0,0 + 76
1173,0,0 + 75
1149,0,0 + 73
1124,0,0 + 76
1112,0,0 + 75
1100,0,0 + 75
1088,0,0 + 75
1076,0,0 + 75
1064,0,0 + 76
1039,0,0 + 76
1015,0,0 + 73
990,0,0 + 71
957,0,0 + 75
935,0,0 + 76
935,0,0 + 75
914,0,0 + 67
892,0,0 + 72
881,0,0 + 75
871,0,0 + 75
860,0,0 + 75
849,0,0 + 75
838,0,0 + 75
828,0,0 + 75
817,0,0 + 74
795,0,0 + 64
774,0,0 + 74
752,0,0 + 74
731,0,0 + 75
712,0,0 + 73
704,0,0 + 73
696,0,0 + 74
687,0,0 + 74
671,0,0 + 73
655,0,0 + 74
638,0,0 + 74
623,0,0 + 74
605,0,0 + 73
589,0,0 + 73
573,0,0 + 72
564,0,0 + 74
556,0,0 + 72
548,0,0 + 72
540,0,0 + 73
532,0,0 + 61
523,0,0 + 58
507,0,0 + 60
499,0,0 + 57
491,0,0 + 58
482,0,0 + 58
474,0,0 + 57
466,0,0 + 55
458,0,0 + 58
450,0,0 + 57
441,0,0 + 57
433,0,0 + 57
425,0,0 + 57
417,0,0 + 57
409,0,0 + 56
400,0,0 + 57
392,0,0 + 57
376,0,0 + 57
359,0,0 + 58
351,0,0 + 56
343,0,0 + 55
335,0,0 + 56
327,0,0 + 55
310,0,0 + 57
294,0,0 + 56
286,0,0 + 57
277,0,0 + 57
269,0,0 + 57
253,0,0 + 57
236,0,0 + 56
220,0,0 + 55
204,0,0 + 55
187,0,0 + 55
175,0,0 + 54
166,0,0 + 53
158,0,0 + 53
145,0,0 + 54
137,0,0 + 42
128,0,0 + 36
120,0,0 + 37
111,0,0 + 37
103,0,0 + 40
94,0,0 + 38
86,0,0 + 36
86,0,0 + 19
81,0,0 + 18
77,0,0 + 4
77,0,0 + 0
77,0,0 + 0
73,0,0 + 0
69,0,0 + 0
64,0,0 + 0
56,0,0 + 0
52,0,0 + 0
43,0,0 + 0
35,0,0 + 0
26,0,0 + 0
18,0,0 + 0
9,0,0 + 0
0,0,0 + 0
0,0,0 + 0
0,0,0 + 0
0,0,0 + 0
0,0,0 + 0
0,0,0 + 0
0,0,0 + 0
0,0,0 + 0
0,0,0 + 0
0,0,0 + 0
0,0,0 + 0
0,0,0 + 0
0,0,0 + 0
0,0,0 + 0
0,0,0 + 0
0,0,0 + 0
0,0,0 + 0
0,0,0 + 0
0,0,0 + 0
0,0,0 + 0
0,0,0 + 0
0,0,0 + 0
0,0,0 + 0
0,0,0 + 0
0,0,0 + 0
0,0,0 + 0
0,0,0 + 0
0,0,0 + 0
0,0,0 + 0
0,0,0 + 0
0,0,0 + 0
0,0,0 + 0
0,0,0 + 0
0,0,0 + 0
0,0,0 + 0
0,0,0 + 0
0,0,0 + 0
0,0,0 + 0
0,0,0 + 0
0,0,0 + 0
0,0,0 + 0
0,0,0 + 0
0,0,0 + 0
0,0,0 + 0
0,0,0 + 0
0,0,0 + 0
0,0,0 + 0
0,0,0 + 0
0,0,0 + 0
0,0,0 + 0
0,0,0 + 0
0,0,0 + 0
0,0,0 + 0
0,0,0 + 0
0,0,0 + 0
0,0,0 + 0
0,0,0 + 0
0,0,0 + 0
0,350,0 + 0
9,350,0 + 0
35,350,0 + 0
69,375,0 + 0
94,225,0 + 0
103,100,0 + 0
111,100,0 + 0
111,0,0 + 0
111,0,0 + 0
111,0,0 + 0
111,0,0 + 0
103,0,0 + 0
94,0,0 + 0
94,0,0 + 0
120,350,0 + 0
162,1500,0 + 0
310,1900,0 + 0
425,1600,0 + 21
507,900,0 + 19
556,550,0 + 25
573,200,0 + 39
581,150,0 + 54
581,100,0 + 67
573,300,250 + 60
573,350,291 + 59
556,250,350 + 59
523,200,508 + 71
491,100,400 + 40
474,100,250 + 41
458,150,300 + 41
441,200,350 + 41
425,150,300 + 41
392,200,500 + 41
359,150,400 + 76
343,300,415 + 75
327,300,415 + 76
327,400,320 + 76
310,250,375 + 75
277,100,400 + 76
261,210,338 + 62
236,200,330 + 60
228,400,375 + 63
245,600,360 + 61
261,700,440 + 63
277,650,370 + 63
294,650,370 + 71
359,1300,450 + 72
441,1200,175 + 77
523,1700,550 + 75
589,1650,821 + 77
589,900,825 + 77
573,650,777 + 75
556,650,779 + 76
540,750,871 + 68
523,800,874 + 77
491,650,960 + 76
458,650,959 + 76
425,600,906 + 76
376,410,903 + 77
327,300,793 + 77
294,500,876 + 77
247,500,926 + 77
247,800,721 + 77
247,850,762 + 77
247,800,733 + 62
228,700,838 + 62
228,700,624 + 62
261,850,408 + 62
277,800,547 + 62
294,825,569 + 70
277,800,921 + 68
261,700,808 + 61
261,750,691 + 63
261,900,826 + 63
294,1400,881 + 64
392,1750,877 + 69
491,1800,586 + 76
548,1500,1048 + 74
507,800,922 + 76
491,800,926 + 75
458,700,1001 + 76
458,850,773 + 75
441,500,50 + 68
458,500,789 + 76
441,700,817 + 76
425,700,807 + 75
409,600,723 + 73
425,650,440 + 76
458,900,480 + 75
573,1700,365 + 75
623,1300,680 + 76
589,850,775 + 76
589,500,395 + 76
638,800,752 + 76
623,600,693 + 76
589,400,637 + 76
654,1800,888 + 75
671,2800,2930 + 76
623,1000,1401 + 73
623,500,427 + 66
623,100,0 + 72
623,400,0 + 76
655,450,0 + 76
763,2000,1914 + 76
704,1800,1836 + 70
671,1300,1636 + 77
638,100,0 + 77
655,300,0 + 77
671,350,90 + 76
671,200,97 + 77
671,150,70 + 77
671,150,71 + 76
671,300,219 + 77
671,300,219 + 77
671,300,219 + 75
671,450,375 + 72
763,2000,375 + 76
785,250,50 + 77
785,150,70 + 76
763,50,110 + 77
763,75,0 + 76
892,1550,0 + 76
935,600,0 + 77
1003,800,0 + 76
1051,650,0 + 77
1100,200,108 + 77
1076,50,231 + 77
1027,50,490 + 77
958,0,720 + 77
912,200,650 + 76
892,230,400 + 77
914,400,57 + 77
957,600,60 + 77
1027,1200,216 + 77
1149,2800,2895 + 75
1319,6000,6740 + 77
1149,700,626 + 76
1149,100,0 + 75
1149,100,0 + 76
1149,100,0 + 76
1149,100,0 + 77
1124,1000,979 + 70
1149,100,0 + 77
1149,100,100 + 76
1149,200,100 + 77
1149,300,200 + 70
1149,300,200 + 77
1149,225,130 + 77
1149,225,130 + 77
1124,100,380 + 77
Storage in Mcft,inflow in cusec,Discharge in cusec
1076,100,480 + 77
1027,50,550 + 77
957,50,600 + 76
914,100,450 + 76
871,100,500 + 76
806,300,1027 + 76
742,300,970 + 76
671,300,1035 + 76
687,500,234 + 76
741,800,60 + 76
849,1900,508 + 76
957,2000,646 + 76
1100,2000,473 + 76
1100,500,665 + 77
1100,500,432 + 77
1051,100,260 + 76
1051,300,243 + 75
1051,300,243 + 75
1051,300,243 + 76
1051,300,243 + 76
1149,650,0 + 75
1173,350,0 + 68
1197,420,70 + 76
1197,250,150 + 66
1197,250,150 + 77
1197,125,0 + 75
1149,100,353 + 76
1149,1200,353 + 76
1197,1800,200 + 74
1271,2100,200 + 76
1344,2100,200 + 76
1465,900,200 + 75
1465,300,200 + 76
1465,300,200 + 76
1465,300,200 + 76
1465,300,200 + 69
1465,300,200 + 74
1465,300,200 + 77
1465,300,200 + 76
1465,300,200 + 75
1465,300,200 + 76
1465,300,200 + 75
1465,280,200 + 76
1465,250,166 + 76
1465,250,166 + 75
1441,220,200 + 76
1429,220,200 + 75
1429,200,0 + 76
1429,180,0 + 76
1429,180,0 + 76
1429,150,0 + 76
1404,100,0 + 75
1392,100,0 + 75
1368,100,0 + 76
1344,100,0 + 75
1319,100,0 + 75
1295,50,0 + 68
1283,50,0 + 76
1271,50,0 + 75
1258,0,0 + 76
1246,0,0 + 76
1234,0,0 + 76
1221,0,0 + 75
1210,0,0 + 76
1197,0,0 + 76
1173,0,0 + 76
1149,0,0 + 75
1124,0,0 + 74
1100,0,0 + 75
1076,0,0 + 74
1064,0,0 + 2
1039,0,0 + 66
1015,0,0 + 76
1003,0,0 + 75
990,0,0 + 75
978,0,0 + 74
967,0,0 + 42
957,0,0 + 70
935,0,0 + 73
914,0,0 + 75
903,0,0 + 75
892,0,0 + 75
881,0,0 + 75
871,0,0 + 75
860,0,0 + 75
838,0,0 + 62
817,0,0 + 73
795,0,0 + 74
774,0,0 + 74
752,0,0 + 76
742,0,0 + 76
720,0,0 + 75
704,0,0 + 76
687,0,0 + 77
679,0,0 + 75
671,0,0 + 76
663,0,0 + 63
655,0,0 + 76
646,0,0 + 63
631,0,0 + 76
614,0,0 + 76
605,0,0 + 75
597,0,0 + 75
589,0,0 + 76
581,0,0 + 75
573,0,0 + 76
556,0,0 + 76
540,0,0 + 76
532,0,0 + 75
523,0,0 + 75
515,0,0 + 76
507,0,0 + 76
499,0,0 + 76
482,0,0 + 76
466,0,0 + 75
459,0,0 + 76
441,0,0 + 76
425,0,0 + 75
409,0,0 + 75
392,0,0 + 71
376,0,0 + 73
376,0,0 + 70
359,0,0 + 71
351,0,0 + 73
351,0,0 + 71
343,0,0 + 71
359,2000,0 + 60
474,2000,0 + 72
605,1650,0 + 62
704,1450,0 + 73
785,1300,0 + 73
871,1450,0 + 73
957,1350,0 + 73
1051,1050,0 + 73
1100,850,0 + 74
1149,600,0 + 75
1222,450,0 + 74
1246,250,0 + 73
1246,0,0 + 71
1246,0,0 + 73
1234,0,0 + 73
1222,0,0 + 73
1210,0,0 + 72
1197,0,0 + 73
1173,0,0 + 74
1149,0,0 + 73
1124,1400,0 + 73
1149,750,0 + 73
1173,300,0 + 73
1173,0,0 + 73
1149,0,0 + 75
1124,0,0 + 74
1100,0,0 + 73
1076,0,0 + 75
1051,0,0 + 73
1027,0,0 + 64
1003,0,0 + 73
978,0,0 + 73
957,0,0 + 73
936,0,0 + 73
914,0,0 + 73
914,0,0 + 74
914,0,0 + 73
892,0,0 + 73
881,0,0 + 74
871,0,0 + 74
849,0,0 + 70
828,0,0 + 67
806,0,0 + 74
795,0,0 + 73
785,0,0 + 73
774,0,0 + 73
774,0,0 + 73
763,0,0 + 73
752,0,0 + 73
742,0,0 + 75
731,0,0 + 73
720,0,0 + 73
704,0,0 + 73
704,0,0 + 73
687,0,0 + 73
671,0,0 + 73
663,0,0 + 65
655,0,0 + 73
638,0,0 + 73
623,0,0 + 73
605,0,0 + 73
589,0,0 + 74
573,0,0 + 64
556,0,0 + 73
540,0,0 + 73
523,0,0 + 73
515,0,0 + 74
507,0,0 + 74
499,0,0 + 73
491,0,0 + 73
474,0,0 + 73
458,0,0 + 73
441,0,0 + 73
425,0,0 + 73
409,0,0 + 73
392,0,0 + 73
392,0,0 + 73
392,0,0 + 36
376,0,0 + 37
376,0,0 + 36
368,0,0 + 36
359,0,0 + 37
351,0,0 + 37
343,0,0 + 37
327,0,0 + 38
310,0,0 + 38
294,0,0 + 36
277,0,0 + 36
269,0,0 + 37
261,0,0 + 59
253,0,0 + 55
245,0,0 + 59
228,0,0 + 54
228,0,0 + 51
220,0,0 + 54
212,0,0 + 53
212,0,0 + 54
195,0,0 + 54
179,0,0 + 54
179,70,0 + 54
195,125,0 + 54
228,400,0 + 55
261,450,0 + 55
294,500,0 + 56
327,800,0 + 73
376,850,0 + 75
441,800,0 + 73
474,400,0 + 73
474,150,0 + 73
491,350,0 + 73
556,900,0 + 73
605,750,0 + 73
623,300,0 + 73
623,100,0 + 73
623,100,0 + 73
638,250,0 + 73
671,600,0 + 73
704,450,0 + 73
704,150,0 + 73
704,150,0 + 73
720,400,200 + 73
704,200,250 + 73
687,200,250 + 73
671,100,250 + 64
638,75,250 + 73
605,75,275 + 73
589,250,275 + 73
589,600,350 + 73
589,500,350 + 73
605,550,250 + 73
687,1300,50 + 73
785,1300,50 + 73
892,1700,200 + 73
957,1050,250 + 73
978,750,300 + 73
978,700,500 + 73
935,500,550 + 73
871,550,939 + 73
849,450,710 + 62
806,350,798 + 75
763,350,783 + 74
720,350,764 + 73
704,450,669 + 74
671,350,693 + 74
655,400,568 + 74
638,450,597 + 73
671,1400,624 + 73
671,900,724 + 74
671,900,724 + 75
671,450,291 + 75
671,500,516 + 75
671,1200,1050 + 75
687,1650,1151 + 75
720,1700,1141 + 75
763,1400,972 + 66
742,900,731 + 65
763,1400,776 + 74
828,1500,1015 + 75
849,1200,951 + 75
870,1000,791 + 72
849,400,767 + 63
806,350,775 + 73
785,350,673 + 68
742,400,773 + 65
704,300,749 + 74
671,300,571 + 74
638,700,566 + 74
638,750,575 + 64
657,900,568 + 71
671,900,568 + 74
687,1100,575 + 74
687,900,800 + 74
671,700,800 + 74
655,400,800 + 74
623,400,792 + 74
605,400,642 + 74
671,2000,559 + 74
742,500,702 + 73
704,0,552 + 74
671,0,499 + 74
671,0,50 + 74
671,300,150 + 74
671,300,150 + 74
671,300,150 + 74
671,0,100 + 74
671,200,275 + 68
671,1500,242 + 74
763,1950,232 + 74
828,500,233 + 74
978,100,0 + 73
978,100,0 + 64
978,250,250 + 74
978,350,260 + 74
978,350,260 + 74
978,350,260 + 62
978,350,260 + 74
978,325,235 + 75
978,450,361 + 74
978,500,403 + 74
978,150,57 + 74
978,100,15 + 74
978,150,15 + 74
978,300,221 + 74
978,600,536 + 74
978,6000,6000 + 74
1295,8500,8440 + 74
1051,4000,4470 + 74
871,3000,5135 + 74
978,1800,1785 + 73
1051,5000,4796 + 74
828,8800,3901 + 75
763,2000,1921 + 74
763,600,526 + 74
671,1400,1326 + 74
671,300,226 + 74
687,300,0 + 74
704,300,0 + 74
720,300,0 + 59
742,300,0 + 74
763,750,172 + 74
806,750,272 + 74
849,750,272 + 74
849,400,325 + 71
828,0,325 + 74
849,500,325 + 75
849,325,239 + 74
849,200,123 + 74
806,0,123 + 74
828,300,123 + 74
978,1200,39 + 74
1003,400,39 + 74
1027,400,39 + 74
1027,0,39 + 74
1003,0,39 + 74
978,0,75 + 74
978,300,200 + 74
978,300,200 + 73
978,300,200 + 74
978,300,200 + 74
Storage in Mcft,inflow in cusec,Discharge in cusec
978,300,200 + 74
978,300,200 + 74
978,350,250 + 74
978,300,200 + 74
978,250,50 + 74
978,200,50 + 74
978,150,25 + 71
978,125,25 + 74
978,100,15 + 74
978,100,15 + 74
978,200,125 + 66
978,300,200 + 64
978,350,200 + 74
935,0,496 + 74
871,0,682 + 74
806,0,657 + 74
763,0,568 + 74
720,0,354 + 74
720,750,622 + 74
720,1000,822 + 74
720,1000,872 + 74
671,500,901 + 74
623,500,842 + 74
605,500,655 + 74
589,0,347 + 74
573,0,340 + 74
556,0,365 + 74
540,0,358 + 74
523,0,203 + 74
507,0,324 + 74
491,0,288 + 74
458,0,300 + 74
425,0,254 + 74
409,0,123 + 73
392,0,110 + 74
376,0,104 + 74
343,0,104 + 74
310,0,96 + 74
310,0,0 + 66
294,0,0 + 74
294,0,0 + 71
277,0,0 + 61
261,0,85 + 73
228,0,150 + 65
195,0,170 + 45
171,0,160 + 43
145,0,140 + 42
137,0,0 + 41
137,0,0 + 41
128,0,0 + 41
128,0,0 + 41
120,0,0 + 41
111,0,0 + 41
111,0,0 + 41
103,0,0 + 41
94,0,0 + 41
86,0,0 + 33
86,0,0 + 21
77,0,0 + 20
77,0,0 + 19
77,0,0 + 5
69,0,0 + 0
69,0,0 + 0
69,0,0 + 0
60,0,0 + 0
60,0,0 + 0
52,0,0 + 0
43,0,0 + 0
26,0,0 + 0
18,0,0 + 0
9,0,0 + 0
0,0,0 + 0
0,0,0 + 0
0,0,0 + 0
0,0,0 + 0
0,0,0 + 0
0,0,0 + 0
0,0,0 + 0
0,0,0 + 0
0,0,0 + 0
0,0,0 + 0
0,0,0 + 0
0,0,0 + 0
0,0,0 + 0
0,0,0 + 0
0,0,0 + 0
0,0,0 + 0
0,0,0 + 0
0,0,0 + 0
0,0,0 + 0
0,0,0 + 0
0,0,0 + 0
0,0,0 + 0
0,0,0 + 0
0,0,0 + 0
0,0,0 + 0
0,0,0 + 0
0,0,0 + 0
0,0,0 + 0
0,0,0 + 0
0,0,0 + 0
0,0,0 + 0
0,0,0 + 0
0,0,0 + 0
0,0,0 + 0
0,0,0 + 0
0,0,0 + 0
0,0,0 + 0
0,0,0 + 0
0,0,0 + 0
0,0,0 + 0
0,0,0 + 0
0,0,0 + 0
0,0,0 + 0
0,0,0 + 0
0,0,0 + 0
0,0,0 + 0
0,0,0 + 0
0,0,0 + 0
0,0,0 + 0
0,0,0 + 0
0,0,0 + 0
0,0,0 + 0
0,0,0 + 0
0,0,0 + 0
0,0,0 + 0
0,0,0 + 0
0,0,0 + 0
0,0,0 + 0
0,0,0 + 0
0,0,0 + 0
0,0,0 + 0
0,0,0 + 0
0,0,0 + 0
0,0,0 + 0
0,0,0 + 0
0,0,0 + 0
0,0,0 + 0
0,0,0 + 0
0,0,0 + 0
0,0,0 + 0
0,0,0 + 0
0,0,0 + 0
0,0,0 + 0
0,0,0 + 0
0,0,0 + 0
0,0,0 + 0
0,0,0 + 0
0,0,0 + 0
0,0,0 + 0
0,0,0 + 0
0,0,0 + 0
0,0,0 + 0
0,0,0 + 0
0,0,0 + 0
0,0,0 + 0
0,0,0 + 0
0,0,0 + 0
0,0,0 + 0
0,0,0 + 0
0,0,0 + 0
0,0,0 + 0
0,0,0 + 0
0,0,0 + 0
0,0,0 + 0
0,0,0 + 0
0,0,0 + 0
0,0,0 + 0
0,0,0 + 0
0,0,0 + 0
0,200,0 + 0
0,200,0 + 0
0,250,0 + 0
0,350,0 + 0
0,350,0 + 0
0,350,0 + 0
0,150,0 + 0
0,150,0 + 0
0,150,0 + 0
0,0,0 + 0
0,250,0 + 0
0,250,0 + 0
0,300,0 + 0
0,300,0 + 0
0,350,0 + 0
17.5,1200,0 + 0
85.5,1400,0 + 0
179,1500,0 + 0
293.8,1800,0 + 0
408.6,1800,0 + 0
507,1800,0 + 0
507,200,0 + 0
507,200,0 + 0
507,200,0 + 0
507,200,0 + 0
507,150,0 + 0
507,100,0 + 0
507,100,0 + 0
507,100,0 + 0
507,0,0 + 26
507,0,0 + 71
507,0,0 + 75
507,0,0 + 75
507,0,0 + 75
507,100,0 + 31
507,100,0 + 62
507,100,0 + 44
507,100,0 + 73
507,200,0 + 73
507,200,0 + 73
507,200,0 + 74
507,200,0 + 74
507,200,0 + 74
507,200,0 + 73
507,300,203 + 74
507,350,273 + 74
507,350,273 + 74
507,350,273 + 74
507,275,175 + 74
507,300,175 + 74
507,300,175 + 74
507,300,175 + 74
507,300,175 + 74
507,300,175 + 64
507,300,175 + 74
507,300,175 + 74
507,300,175 + 74
507,300,175 + 74
507,300,175 + 74
507,300,175 + 74
507,300,175 + 74
507,300,200 + 60
687,2000,1036 + 74
742,1700,1011 + 74
806,600,525 + 74
871,650,100 + 74
849,150,200 + 74
828,150,200 + 74
806,150,200 + 70
806,300,224 + 74
806,300,224 + 74
785,150,334 + 74
742,150,530 + 74
704,150,523 + 74
655,100,566 + 74
623,100,507 + 74
589,50,523 + 74
556,50,408 + 74
540,50,352 + 74
507,50,571 + 74
507,350,262 + 74
507,350,259 + 74
507,500,259 + 74
491,350,406 + 74
507,550,459 + 74
540,700,142 + 74
638,1200,272 + 74
704,1100,250 + 74
742,600,300 + 37
785,600,350 + 39
806,600,400 + 39
849,700,400 + 37
892,500,500 + 38
871,350,625 + 39
849,300,644 + 38
828,350,732 + 39
806,350,732 + 39
763,200,705 + 39
720,200,686 + 38
671,200,726 + 38
638,300,784 + 39
638,500,634 + 38
687,500,392 + 38
687,600,678 + 38
687,600,628 + 39
687,500,459 + 38
687,500,459 + 39
704,700,665 + 39
720,700,726 + 39
785,700,798 + 38
806,350,300 + 38
828,700,661 + 38
828,600,523 + 38
828,600,523 + 38
806,400,571 + 23
806,350,330 + 19
763,300,770 + 19
742,150,350 + 19
742,350,325 + 21
763,500,325 + 19
763,650,612 + 20
763,650,612 + 19
763,650,621 + 22
763,650,621 + 21
720,100,482 + 21
687,100,452 + 21
671,200,393 + 21
671,150,100 + 20
671,400,360 + 21
671,400,357 + 21
671,50,0 + 21
687,250,0 + 22
687,250,201 + 21
687,250,201 + 21
687,400,357 + 21
704,750,524 + 21
671,600,957 + 21
582,0,805 + 21
523,100,880 + 21
474,100,555 + 21
474,550,534 + 21
474,500,534 + 21
441,100,511 + 21
441,50,15 + 21
441,100,70 + 21
458,500,200 + 21
523,1100,300 + 21
523,275,250 + 21
507,100,300 + 21
491,100,250 + 21
458,250,597 + 21
474,350,539 + 21
474,475,431 + 21
491,600,442 + 21
507,900,733 + 21
507,800,771 + 21
507,250,223 + 21
491,200,354 + 21
623,1500,771 + 21
871,4500,0 + 21 + 3465
871,2800,0 + 21 + 2699
687,500,0 + 21 + 2386
655,500,0 + 21 + 1017
687,1500,0 + 21 + 1061
687,1100,0 + 21 + 1063
671,300,0 + 21 + 992
671,50,0 + 21
704,500,0 + 21
828,1600,125 + 21
871,800,300 + 21
871,400,375 + 21
871,350,325 + 21
871,300,275 + 21
871,300,275 + 21
871,300,275 + 21
871,300,275 + 21
871,350,300 + 21
871,350,300 + 21
871,300,275 + 21
914,650,150 + 21
1027,1350,50 + 21
1100,1000,100 + 21
1100,350,300 + 21
1100,450,425 + 21
1100,400,368 + 21
1100,300,279 + 21
1100,100,75 + 21
1051,100,500 + 21
1003,75,551 + 21
957,50,548 + 21
871,50,927 + 21
828,75,566 + 21
806,150,514 + 21
806,500,500 + 21
871,1200,515 + 11
Storage in Mcft,inflow in cusec,Discharge in cusec
914,500,0 + 21
1003,1100,0 + 21
1100,1150,0 + 21
1100,150,90 + 21
1100,150,90 + 21
1100,150,90 + 21
1100,100,63 + 21
1100,115,90 + 21
1100,115,90 + 21
1100,115,90 + 21
1100,100,25 + 21
1100,100,75 + 21
1100,100,75 + 21
1100,100,75 + 21
1051,50,550 + 21
1027,50,250 + 21
1003,100,378 + 21
978,100,396 + 21
935,100,579 + 21
892,200,740 + 21
892,450,390 + 21
892,450,390 + 21
914,400,343 + 21
936,450,293 + 21
936,450,293 + 21
1027,450,50 + 21
1100,700,50 + 21
1197,1100,50 + 21
1271,1100,100 + 21
1344,900,100 + 21
1368,300,25 + 21
1416,300,25 + 21
1465,300,15 + 21
1465,200,158 + 21
1465,200,158 + 21
1465,200,158 + 21
1465,200,158 + 21
1465,75,30 + 44
1465,75,15 + 33
1465,75,25 + 21
1465,75,25 + 22
1465,75,52 + 41
1465,75,52 + 21
1465,75,52 + 21
1465,60,25 + 21
1465,60,10 + 44
1465,60,10 + 44
1465,50,7 + 38
1465,50,7 + 39
1465,50,7 + 39
1465,50,0 + 39
1465,60,0 + 56
1453,25,8 + 72
1453,25,6 + 74
1441,0,0 + 74
1429,0,0 + 49
1416,0,0 + 38
1404,0,0 + 38
1392,0,0 + 38
1380,0,0 + 38
1368,0,0 + 38
1344,0,0 + 38
1319,0,0 + 38
1295,0,0 + 38
1271,0,0 + 38
1246,0,0 + 38
1222,0,0 + 38
1197,0,0 + 70
1173,0,0 + 75
1149,0,0 + 75
1124,0,0 + 75
1100,0,0 + 75
1076,0,0 + 59
1051,0,0 + 38
1027,0,0 + 38
1003,0,0 + 38
978,0,0 + 38
957,0,0 + 38
935,0,0 + 38
914,0,0 + 38
892,0,0 + 38
871,0,0 + 38
849,0,0 + 38
828,0,0 + 38
806,0,0 + 38
806,0,0 + 38
785,0,0 + 38
763,0,0 + 38
763,0,0 + 38
741,0,0 + 38
731,0,0 + 38
720,0,0 + 38
704,0,0 + 38
687,0,0 + 38
671,0,0 + 38
663,0,0 + 38
655,0,0 + 38
646,0,0 + 38
632,0,0 + 38
622,0,0 + 38
605,0,0 + 38
589,0,0 + 38
573,0,0 + 38
556,0,0 + 38
540,0,0 + 38
523,0,0 + 38
507,0,0 + 38
499,0,0 + 38
491,0,0 + 38
482,0,0 + 38
474,0,0 + 37
466,0,0 + 38
458,0,0 + 38
450,0,0 + 38
441,0,0 + 38
433,0,0 + 38
425,0,0 + 38
417,0,0 + 38
409,0,0 + 38
400,0,0 + 38
392,0,0 + 38
384,0,0 + 38
384,0,0 + 38
384,0,0 + 38
376,0,0 + 38
384,100,0 + 38
392,100,0 + 38
400,100,0 + 38
409,100,0 + 38
417,100,0 + 38
425,100,0 + 38
433,100,0 + 36
441,100,0 + 38
450,100,0 + 38
458,100,0 + 38
474,200,0 + 38
507,200,0 + 38
523,200,0 + 38
540,200,0 + 34
556,200,0 + 38
573,200,0 + 38
581,100,0 + 38
589,100,0 + 38
573,0,0 + 38
564,0,0 + 38
556,0,0 + 38
548,0,0 + 38
540,0,0 + 38
532,0,0 + 38
523,0,0 + 38
515,0,0 + 38
507,0,0 + 37
499,0,0 + 38
491,0,0 + 38
482,0,0 + 38
474,0,0 + 38
466,0,0 + 39
458,0,0 + 38
441,0,0 + 38
425,0,0 + 38
409,0,0 + 38
392,0,0 + 38
376,0,0 + 38
359,0,0 + 38
343,0,0 + 38
327,0,0 + 38
310,0,0 + 38
294,0,0 + 38
277,0,0 + 38
261,0,0 + 38
245,0,0 + 38
228,0,0 + 38
212,0,0 + 38
195,0,0 + 38
179,0,0 + 38
171,0,0 + 38
162,0,0 + 38
154,0,0 + 38
145,0,0 + 38
137,0,0 + 38
128,0,0 + 21
120,0,0 + 19
111,0,0 + 18
103,0,0 + 19
94,0,0
86,0,0
77,0,0
69,0,0
60,0,0
52,0,0
43,0,0
35,0,0
26,0,0
18,0,0
9,0,0
9,0,0
9,0,0
9,0,0
9,0,0
9,0,0
0,0,0
0,0,0
0,0,0
0,0,0
0,0,0
0,0,0
0,0,0
0,0,0
0,0,0
0,0,0
0,0,0
0,0,0
0,0,0
0,0,0
0,0,0
0,0,0
0,0,0
0,0,0
0,0,0
0,0,0
0,0,0
0,0,0
0,0,0
0,0,0
0,0,0
0,0,0
0,0,0
0,0,0
0,0,0
0,0,0
0,0,0
0,0,0
0,0,0
0,0,0
0,0,0
0,0,0
0,0,0
0,0,0
0,0,0
0,0,0
0,0,0
0,0,0
0,0,0
0,0,0
0,0,0
0,0,0
0,0,0
0,0,0
0,0,0
0,0,0
0,0,0
0,0,0
0,0,0
0,0,0
0,0,0
0,0,0
0,0,0
0,0,0
0,0,0
0,0,0
0,0,0
0,0,0
0,0,0
0,0,0
0,0,0
0,0,0
0,0,0
0,0,0
0,0,0
0,0,0
0,0,0
0,0,0
0,0,0
0,0,0
0,400,0
0,800,0
0,800,0
26,900,0
77,800,0
119.5,700,0
170.5,700,0
195.4,350,0
211.8,300,0
228.2,250,0
244.6,200,0
261.0,400,0
310.2,700,0
343.0,700,0
392.2,600,0
441.4,600,0
480.4,500,0
523.4,500,0
589.0,750,0
671.0,950,0
806.2,1500,0
913.7,1300,0
1051.35,1600,0
1124.4,2000,38
1075.7,2100,2001 + 68
956.0,0,1147 + 75
870.7,0,920 + 75
870.7,200,0 + 75
827.7,0,422 + 75
827.7,250,180 + 75
827.7,1010,918 + 74
870.7,2850,2227 + 75
892.2,320,75
892.2,80,74
892.2,80,74
892.2,80,74
892.2,80,74
892.2,80,74
892.2,70,63
892.2,70,64
870.7,0,74
849.2,0,74
806.2,0,74
763.2,0,74
720.2,0,74
671.0,0,74
638.2,0,74
605.4,0,75
572.6,0,307 + 74
523.4,0,475 + 74
507.0,0,110 + 75
474.2,75,74
482,430,220 + 74
474.2,110,220 + 74
457.8,160,245 + 75
425,0,245 + 74
408.6,0,74
392.2,0,74
375.8,0,75
392.2,310,74
408.6,310,74
425,310,74
425,75,74
425,75,74
408.6,0,74
400.4,0,74
392.2,0,67
384.0,0,74
375.8,0,58
367.6,0,74
359.4,0,74
351.2,0,74
343.0,0,74
334.8,0,62
326.6,0,74
310.2,0,74
293.8,0,43
277.4,0,38
261.0,0,38
242.6,0,38
228.2,0,38
244.6,250,38
261.0,250,38
285.6,320,38
334.8,680,74
392.2,820,74
474.2,1100,74
519.2,1100,74
519.2,720,390 + 74
523.4,610,400 + 74
519.2,0,74
507,0,74
Storage in Mcft,inflow in cusec,Discharge in cusec
498.8,0,74
490.6,0,74
482.4,0,74
474.2,0,74
466.0,0,74
457.8,0,74
449.6,0,74
433.2,0,74
425.0,0,62
416.8,0,62
408.6,0,74
390.2,0,74
384.0,0,74
367.6,0,74
351.2,0,74
341.2,0,74
312.4,0,74
302.0,0,61
290.0,0,58
278.0,0,58
266.0,0,58
254.0,0,58
242.0,0,58
230.0,0,56
218.0,0,57
206.0,0,57
194.0,0,57
181.4,0,53
168.2,0,47
154.7,0,37
141.2,0,37
127.2,0,37
112.7,0,37
106.7,0,37
98.25,0,26
85.3,0,18
77.0,0,18
68.5,0,18
60.0,0,17
51.5,0,13
43.0,0,0
34.5,0,0
26.0,0,0
17.5,0,0
9.0,0,0
0,0,0
0,0,0
0,110,0
9.0,200,0
17.5,150,0
26.0,100,0
30.25,75,0
34.5,60,0
38.75,60,0
43.0,60,0
43.0,0,0
38.75,0,0
34.5,0,0
30.25,0,0
26.00,0,0
21.75,0,0
17.50,0,0
13.25,0,0
9.00,0,0
9.00,0,0
9.00,0,0
9.00,0,0
66.75,800,0
128.00,900,0
195.40,820,0
244.60,600,22
277.40,450,40
293.80,250,37
302.00,75,37
310.20,150,37
318.40,150,37
318.40,75,37
318.40,50,37
318.40,40,37
310.20,0,37
302.00,0,37
293.80,0,37
287.00,0,37
280.60,0,37
274.20,0,37
268.00,0,37
261.80,0,37
255.60,0,37
249.40,0,37
243.20,0,37
237.00,0,37
230.80,0,37
224.60,0,37
218.40,0,37
212.20,0,37
206.00,0,37
199.80,0,37
193.60,0,37
187.40,0,37
181.20,0,37
175.00,0,37
168.80,0,37
162.60,0,37
156.60,0,37
150.20,0,36
144.00,0,37
137.80,0,37
131.60,0,37
125.40,0,36
119.20,0,35
113.00,0,20
106.80,0,19
100.60,0,18
94.40,0,18
88.20,0,18
82.00,0,15
75.80,0,7
71.80,0,0
69.00,0,0
64.25,0,0
55.75,0,0
47.25,0,0
43.00,0,0
30.25,0,0
21.75,0,0
13.25,0,0
0,0,0
0,0,0
0,0,0
0,0,0
0,0,0
0,0,0
0,0,0
0,0,0
0,0,0
0,0,0
0,0,0
0,0,0
0,0,0
0,0,0
0,0,0
0,0,0
0,0,0
0,0,0
0,0,0
0,0,0
0,0,0
0,0,0
0,0,0
0,0,0
0,0,0
0,0,0
0,0,0
0,0,0
0,0,0
0,0,0
0,0,0
0,0,0
0,0,0
0,0,0
0,0,0
0,0,0
0,0,0
0,0,0
0,0,0
0,0,0
0,0,0
0,0,0
0,0,0
0,0,0
0,0,0
0,0,0
0,0,0
0,0,0
0,0,0
0,0,0
0,0,0
0,0,0
0,0,0
0,0,0
0,0,0
0,0,0
0,0,0
0,0,0
0,0,0
0,0,0
0,0,0
0,0,0
0,0,0
0,0,0
0,0,0
0,0,0
0,0,0
0,0,0
0,0,0
0,0,0
0,0,0
0,0,0
0,0,0
0,0,0
0,0,0
0,0,0
0,0,0
0,0,0
0,0,0
0,0,0
0,0,0
0,0,0
0,0,0
0,0,0
0,0,0
0,0,0
0,0,0
0,0,0
0,0,0
0,0,0
0,0,0
0,0,0
0,0,0
0,0,0
0,2498,0
26,2180,0
153,2520,0
359.4,2520,0
523.4,2520,0
638.2,2290,0
736.2,2060,0
935.2,2060,0
1027.0,1220,0
1126.4,1050,0
1173.1,350,45
1173.1,175,75
1197.45,390,47
1197.45,175,74
1197.45,175,74
1197.45,175,71
1197.45,77,70
1197.45,77,56
1197.45,87,57
1197.45,90,72
1173.10,90,74 + 178
1173.10,155,59 + 116
1160.92,150,74 + 151
1185.27,420,74 + 91
1160.92,320,74 + 91
1136.58,90,64 + 218
1112.23,90,74 + 223
1100.05,100,71 + 150
1075.70,100,64 + 290
1075.70,200,74 + 120
1100.05,640,71 + 394
1148.75,1850,68 + 1334
1112.23,600,74 + 907
1100.05,400,74 + 427
1100.05,550,74 + 427
1136.58,960,74 + 514
1124.40,400,74 + 479
1087.88,300,66 + 605
1051.35,350,74 + 580
1039.17,300,74 + 453
1027.00,200,74 + 261
990.43,150,74 + 466
935.20,150,64 + 665
870.70,50,74 + 670
816.95,50,74 + 508
752.45,25,56 + 628
695.60,25,65 + 622
646.40,25,74 + 520
605.40,300,74 + 686
580.80,350,70 + 564
538.80,300,74 + 709
523.40,580,74 + 709
490.60,350,74 + 633
474.20,500,74 + 635
474.20,550,74 + 450
474.20,550,74 + 450
474.20,650,74 + 569
457.80,550,74 + 619
457.80,700,74 + 619
474.20,650,74 + 475
482.40,650,74 + 475
515.50,850,74 + 450
548.00,850,74 + 475
589.00,1100,72 + 646
622.80,1200,74 + 895
687.40,1200,74 + 460
763.20,1200,74 + 387
795.45,1000,74 + 690
806.20,600,74 + 443
806.20,240,74 + 150
827.70,250,74 + 50
849.20,250,62 + 60
849.20,250,74 + 110
870.70,550,74 + 300
892.20,576,74 + 295
956.70,1100,63 + 300
1051.35,1600,74 + 386
1051.35,550,74 + 464
1027.00,350,74 + 539
1002.65,250,74 + 433
935.20,100,74 + 714
892.20,100,74 + 522
870.70,50,74 + 246
806.20,0,74 + 639
741.70,0,74 + 671
703.80,125,74 + 503
671.80,125,74 + 447
638.20,100,74 + 439
622.80,120,74 + 439
687.40,750,74 + 0
763.00,1100,73 + 0
892.20,1400,74 + 0
978.20,1100,74 + 0
1075.70,1400,74 + 297
1124.40,1000,74 + 360
1100.05,150,74 + 357
1051.00,50,60 + 518
978.20,0,74 + 714
913.70,50,60 + 687
827.70,50,60 + 687
784.70,50,74 + 468
870.70,1300,71 + 0
956.70,1100,74 + 0
1075.00,1500,74 + 0
1124.40,700,74 + 0
1148.75,700,74 + 295
1173.10,900,74 + 535
1173.10,550,74 + 462
1148.75,150,74 + 300
1148.75,250,74 + 100
1124.40,50,74 + 150
1124.40,100,74 + 0
1100.00,50,74 +  221
1075.70,50,74 +  252
1027.00,0,74 +  413
1002.65,0,74 +  294
1002.65,300,74 +  194
1051.35,900,72 + 199
1100.05,900,74 + 204
1124.40,600,74 + 189
1148.75,600,74 + 192
1173.10,550,62 + 195
1173.10,300,74 + 195
1173.10,200,74 + 100
1148.75,150,64 + 250
1100.05,100,74 + 571
1051.35,100,74 + 583
1075.70,600,74 + 201
1075.70,300,74 + 221
1075.70,200,74 + 110
1100.05,200,74 + 0
1100.05,300,74 + 214
1100.05,300,74 + 208
1051.35,100,74 + 552
1102.65,150,74 + 615
956.70,100,74 + 551
956.70,220,74 + 122
956.70,220,74 + 122
956.70,200,74 + 122
935.20,150,74 + 316
913.70,100,74 + 251
870.70,50,74 + 410
870.70,100,74 + 0
849.20,50,74 + 231
806.20,50,74 + 404
784.70,50,74 + 229
763.20,50,74 + 218
720.20,0,74 + 384
687.40,0,74 + 279
671.00,100,74 + 172
638.20,100,74 + 362
638.20,150,74 + 70
622.80,200,74 + 294
605.40,200,65 + 315
605.40,200,74 + 110
589.00,100,61 + 155
589.00,150,74 + 67
605.40,300,74 + 25
614.10,250,74 + 50
638.20,450,74 + 75
638.20,250,74 + 150
638.20,300,74 + 200
622.80,150,74 + 225
630.50,300,74 + 50
687.40,800,74 + 0
763.20,110,74 + 0
870.70,1400,74 + 0
945.95,1100,74 + 0
1063.52,1450,74 + 0
1185.28,1500,73 + 0
1270.50,1100,74 + 0
1307.25,550,74 + 0
1331.35,400,74 + 0
1331.35,150,74 + 0
1331.35,100,74 + 0
1319.20,0,74 + 0
1307.25,0,74 + 8
1296.25,0,74 + 8
1296.25,0,74 + 8
1294.80,120,74 + 8
1294.85,110,74 + 8
1283.85,0,74 + 8
1272.85,0,74 + 8
1262.85,0,63 + 8
1251.85,0,74 + 8
1240.85,0,74 + 8
1229.85,0,74 + 8
1218.85,0,74 + 8
1207.85,0,74 + 8
1196.85,0,74 + 8
1185.85,0,74 + 8
1174.85,0,62 + 8
1163.85,0,74 + 8
1152.85,0,74 + 8
1141.85,0,74 + 8
1141.85,100,74 + 8
1141.85,120,74 + 8
1141.85,120,74 + 8
1130.85,0,74 + 8
1119.85,0,74 + 8
1108.85,0,74 + 8
1108.85,0,74 + 8
1097.85,0,74 + 8
1086.85,0,74 + 8
1075.85,0,74 + 8
1064.85,0,74 + 8
1053.85,0,74 + 8
1042.85,0,74 + 8
1031.85,0,74 + 8
1020.85,50,74 + 8
1009.85,0,74 + 8
998.85,0,74 + 8
987.85,0,74 + 8
976.85,0,74 + 8
965.85,0,74 + 8
954.85,0,74 + 8
943.85,0,74 + 8
934.85,0,62 + 8
923.85,0,74 + 8
912.85,0,74+8
901.85,0,74+8
890.05,0,74+8
879.85,0,74+8
868.85,0,73+8
857.85,0,72+8
846.85,0,74+8
835.85,0,74+8
824.85,0,71+8
813.85,0,74+8
802.85,0,74+8
791.85,0,74+8
780.85,0,74+8
769.85,0,74+8
758.85,0,74+8
747.85,0,74+8
736.85,0,74+8
725.85,0,74+8
714.85,0,74+8
703.85,0,74+8
692.85,0,74+8
681.85,0,74+8
670.85,0,74+8
659.85,0,74+8
638.20,0,74+8
622.80,0,74+8
605.40,0,74+8
589.00,0,61
572.60,0,62
556.20,0,74
539.80,0,74
523.40,0,74
507.00,0,74
490.60,0,74
474.20,0,74+8
457.80,0,74+8
441.40,0,74+8
433.20,0,74+8
425.00,0,74+8
413.00,0,74+8
402.04,0,74+8
392.20,0,74+8
425.00,500,74
523.40,1250,74
622.80,1300,74
741.70,1500,71
892.20,1900,74
1002.65,1400,74
1051.35,700,74
1075.70,400,74
1112.22,450,74
1136.57,450,74
1197.45,650,74
1294.00,950,74
1307.02,200,74
1307.02,100,62
1307.02,90,74
1294.85,0,74
1282.68,0,71
1270.50,0,73
1258.33,0,62
1246.15,0,60
1233.98,0,53
1221.80,0,74
1209.63,0,74
1197.45,0,74
1185.28,0,74
1160.93,0,74
1148.70,0,74
1136.58,0,74
1112.22,0,74
1124.40,250,74
1124.40,120,74
1112.22,0,74
1100.05,0,74
1087.87,0,74
1075.70,0,74
1063.53,0,74
1051.35,0,74
1039.17,0,74
1027.00,0,74
1027.00,150,74
1039.17,150,74
1027.00,0,74
1014.82,0,74
1002.65,0,74
992.42,0,74
981.42,0,74
972.42,0,74
963.42,0,74
954.42,0,74
945.42,0,74
936.42,0,74
927.42,0,74
918.42,0,74
909.42,0,60
900.42,0,74
891.42,0,74
882.42,0,74
872.40,0,74
862.40,0,74
852.40,0,63
842.40,0,74
832.40,0,74
822.40,0,74
812.40,0,74
802.40,0,74
792.00,0,73
782.00,0,74
772.00,0,74
762,0,74
752,0,74
742,0,74
732,0,74
722,0,74
712,0,74
702,0,74
692,0,74
682,0,74
672,0,74
662,0,74
652,0,74
642,0,74
632,0,74
622,0,74
612,0,74
602,0,74
592,0,74
582,0,74
572,0,72
562,0,74
552,0,74
542,0,74
532,0,74
517,0,72
507,0,71
497,0,64
487,0,74
477,0,74
467,0,74
457,0,74
442,0,74
432,0,73
422,0,74
412,0,74
402,0,74
392,0,74
382,0,63
367,0,68
357,0,71
347,0,71
337,0,56
327,0,72
317,0,65
307,0,71
297,0,70
287,0,72
277,0,71
267,0,68
257,0,69
247,0,69
247,120,69
261,200,69
277.4,275,69
302,400,71
326,450,71
384,685,69
466,1065,69
523,780,70
572,685,70
614.1,605,70
646.4,490,71
671.0,400,73
687.4,400,72
712.0,400,71
741.7,460,72
784.7,613,72
838.45,785,72
892.20,785,71
945.95,785,74
1014.82,995,74
1075.7,995,74
1112.22,540,74
1117.22,172,74
1117.22,85,74
1100.05,0,67
1090.31,0,70
1080.92,0,74
1070.83,0,74
1080.57,250,74
1100.05,340,72
1100.05,545,74+450
1087.87,405,74+450
1063.52,210,74+415
1039.17,185,51+395
1002.65,135,74+415
978.20,65,74+375
967.45,310,74+361
956.70,360,74+410
945.95,395,74+445
935.20,297,74+348
924.45,270,74+321
913.70,355,74+405
902.95,480,74+531
902.95,605,74+521
902.95,595,74+521
870.70,480,74+779
849.20,340,74+515
816.95,165,74+464
784.70,85,74+384
763.20,190,74+360
784.70,580,74+260
806.20,480,74+158
806.20,475,74+396
784.70,210,74+386
752.45,210,62+521
752.45,225,74+136
870.70,1370,74+0
978.20,1320,74+0
1100.05,1370,74+0
1075.70,1040,74+1321
1051.35,850,74+1058
1027.00,450,74+732
1002.65,300,74+581
978.20,65,74+348
978.20,90,74+0
978.20,110,74+0
978.20,265,74+186
978.20,335,74+276
1002.65,695,74+335
1027.00,705,74+340
1027.00,595,74+510
1002.65,260,74+470
978.20,0,74+210
956.70,35,74+225
935.20,0,74+210
913.70,0,74+205
892.20,95,74+303
892.20,180,74+110
870.70,180,74+360
849.20,65,74+240
827.70,50,74+230
784.70,35,65+467
741.70,130,74+555
763.20,325,74+0
784.70,315,68+0
806.20,325,74+0
827.70,330,74+0
827.70,346,74+265
849.20,405,74+83
849.20,80,74+0
849.20,85,74+0
838.45,10,74+50
827.70,30,74+80
806.20,35,74+210
784.70,25,74+274
763.20,25,74+204
741.70,45,74+220
730.95,45,74+96
752.45,330,74+0
795.45,575,74+0
838.45,585,74+0
870.70,450,74+0
892.20,332,74+0
913.70,364,74+50
913.70,265,74+180
902.95,140,74+191
881.45,36,74+201
859.95,35,74+210
838.45,25,74+199
816.95,25,62+212
806.20,25,74+71
784.70,20,74+190
784.70,125,74+0
806.20,325,74+0
849.20,575,74+0
892.20,575,74+0
956.70,820,74+0
1051.35,1170,74+0
1124.40,935,71+0
1173.10,675,74+0
1221.80,675,74+0
1221.80,725,74+640
1221.80,295,74+210
1221.80,365,74+235
1221.80,290,74+205
1221.80,225,70+150
1221.80,215,64+140
1197.45,10,70+200
1197.45,100,70+0
1197.45,90,70+0
1197.45,78,72+0
1197.45,75,74+0
1197.45,85,74+0
1185.27,25,74+91
1173.10,65,73+139
1160.92,65,61+139
1148.75,75,74+139
1136.57,75,62+150
1124.40,75,69+150
1100.05,75,74+275
1075.70,75,74+275
1039.17,50,74+399
1002.65,50,74+350
978.20,50,74+245
956.70,50,74+220
924.45,50,74+341
881.45,15,74+439
859.95,55,74+225
859.95,350,74+255
902.95,650,74+80
945.95,825,74+250
990.42,825,74+240
1039.17,875,66+240
1087.87,875,74+240
1124.40,875,74+375
1197.45,995,74+76
1282.67,1140,74+76
1331.35,890,74+235
1355.65,685,74+315
1367.80,575,74+350
1379.95,575,71+360
1379.95,195,72+120
1379.95,195,74+110
1379.95,156,74+71
1379.95,155,74+66
1379.95,85,74+0
1379.95,85,74+0
1379.95,85,74+0
1404.25,365,74+0
1465.00,780,74+0
1465.00,150,74+75
1465.00,135,74+55
1465.00,135,74+55
1465.00,115,74+25
1452.85,15,74+45
1440.70,0,66+0
1428.55,0,74+0
1416.40,0,74+0
1404.25,0,74+0
1392.10,0,74+0
1379.95,0,74+0
1367.80,0,73+0
1355.65,0,74+0
1345.50,0,74+0
1331.65,0,74+0
1319.20,0,74+0
1307.02,0,74+0
1294.85,0,42+0
1282.67,0,74+0
1270.50,0,74+0
1258.32,0,68+0
1246.15,0,74+0
1233.97,0,74+0
1221.50,0,74+0
1209.62,0,74+0
1197.45,0,74+0
1185.27,0,74+0
1173.10,0,64+0
1160.92,0,74+0
1148.75,0,74+0
1148.75,0,74+0
1124.40,0,74+0
1112.22,0,74+0
1100.05,0,74+0
1075.70,0,74+0
1063.52,0,74+0
1051.35,0,74+0
1039.17,0,74+0
1027.00,0,74+0
1014.82,0,74+0
1002.65,0,74+0
990.42,0,74+0
967.45,0,71+0
956.70,0,74+0
945.95,0,74+0
935.20,0,74+0
913.70,0,74+0
902.95,0,74+0
881.45,0,74+0
870.70,0,74+0
849.20,0,74+0
838.45,0,74+0
816.95,0,74+0
806.20,0,74+0
784.70,0,74+0
773.45,0,74+0
752.45,0,74+0
741.70,0,74+0
720.20,0,74+0
712.00,0,74+0
695.60,0,74+0
687.40,0,74+0
671.00,0,74+0
662.80,0,74+0
646.40,0,74+0
638.20,0,74+0
630.50,0,61+0
622.80,0,66+0
614.10,0,74+0
605.40,0,74+0
597.20,0,74+0
589.00,0,74+0
580.80,0,69+0
572.60,0,74+0
556.20,0,74+0
572.60,0,72+0
572.60,85,74+0
580.80,155,74+0
605.40,360,74+0
638.20,475,74+0
703.80,830,67+0
790.95,400,60+0
784.70,680,74+0
935.20,1815,74+0
1100.05,2100,74+0
1270.50,2200,74+0
1379.95,1450,74+0
1465.00,1100,74+0
1465.00,120,74+0
1465.00,100,72+0
1465.00,85,73+0
1465.00,85,74+0
1440.70,0,74+0
1428.55,0,66+0
1416.40,0,68+0
1404.25,0,74+0
1392.10,0,74+0
1379.95,0,74+0
1367.80,0,74+0
1355.65,0,70+0
1343.50,0,74+0
1331.35,0,74+0
1319.20,0,70+0
1307.05,0,74+0
1294.85,0,74+0
1282.67,0,74+0
1270.50,0,74+0
1258.32,0,74+0
1294.85,550,74+0
1319.20,375,74+0
1307.02,0,74+0
1294.85,0,74+0
1282.67,0,74+0
1270.50,0,74+0
1258.32,0,73+0
1246.15,0,74+0
1233.97,0,74+0
1246.15,0,74+0
1233.97,0,74+0
1221.80,0,74+0
1209.62,0,74+0
1197.45,0,74+0
1197.45,0,74+0
1185.27,0,74+0
1173.10,0,74+0
1160.92,0,74+0
1148.75,0,74+0
1136.57,0,74+0
1124.40,0,51+0
1112.22,0,74+0
1112.22,0,73+0
1100.05,0,74+0
1087.87,0,74+0
1075.70,0,74+0
1063.52,0,74+0
1051.35,0,74+0
1039.17,0,74+0
1027.00,0,74+0
1014.82,0,74+0
1002.65,0,74+0
990.42,0,74+0
978.20,0,74+0
967.45,0,74+0
956.70,0,71+0
945.95,0,71+0
935.20,0,71+0
924.45,0,70+0
913.70,0,67+0
902.95,0,69+0
892.20,0,71+0
881.45,0,71+0
870.70,0,70+0
859.95,0,44+0
849.20,0,70+0
838.45,0,70+0
827.70,0,70+0
816.95,0,63+0
806.20,0,70+0
795.45,0,70+0
784.70,0,70+0
773.95,0,70+0
763.20,0,70+0
752.45,0,70+0
741.70,0,70+0
730.95,0,70+0
720.20,0,70+0
712.00,0,70+0
703.80,0,68+0
695.60,0,70+0
687.40,0,70+0
679.20,0,65+0
671.00,0,70+0
662.80,0,70+0
654.60,0,70+0
646.40,0,67+0
638.70,0,70+0
630.50,0,70+0
622.80,0,70+0
614.10,0,70+0
605.40,0,70+0
597.20,0,70+0
589.00,0,70+0
580.80,0,70+0
589.00,200,70+0
589.00,110,70+0
589.00,110,70+0
589.00,80,68+0
589.00,90,70+0
605.40,290,70+0
638.20,510,70+0
671.00,510,70+0
687.40,260,60+0
703.80,250,70+0
741.70,480,70+0
784.70,585,70+0
849.20,850,69+0
870.70,350,70+0
872.20,350,70+0
913.70,350,70+0
924.45,200,70+0
935.20,200,70+0
945.95,200,70+0
956.70,200,70+0
967.45,200,70+0
967.45,100,70+0
967.45,85,70+0
967.45,80,70+0
967.45,430,70+315
945.95,200,70+325
924.45,140,71+317
902.95,150,71+293
881.45,70,71+268
849.20,60,71+325
816.95,110,70+320
795.45,150,71+327
784.70,250,72+310
763.20,100,72+275
741.70,90,72+250
720.20,100,72+260
703.86,125,71+280
703.80,130,72+55
703.80,125,72+55
703.80,155,72+80
720.20,290,72+88
741.70,390,72+88
763.20,405,72+70
795.45,520,72+75
827.70,585,62+155
859.95,602,72+160
881.45,520,70+160
902.95,495,72+152
913.70,212,72+0
913.70,125,66+56
924.45,330,72+125
924.45,430,71+292
935.20,480,72+292
945.95,322,72+120
956.70,322,72+126
967.45,225,72+26
975.20,202,72+0
990.42,322,72+102
1014.82,218,72+0
1014.82,218,72+0
1014.82,304,72+248
1014.82,440,73+367
1014.82,102,72+30
1002.65,0,72+0
1002.65,260,74+186
1014.82,365,74+145
1014.82,210,74+115
1014.82,215,69+135
1014.82,210,73+130
1014.82,75,73+0
1014.82,70,74+0
1002.65,0,75+0
1002.65,92,75+0
1002.65,83,75+0
1014.82,215,75+0
1014.82,80,74+0
1014.82,69,75+0
1002.65,0,76+0
1002.65,70,74+0
1002.65,80,76+0
1002.65,85,76+0
990.42,70,76+95
978.20,0,76+0
978.20,268,76+190
978.20,254,76+175
967.45,112,76+120
967.45,82,75+0
967.45,66,76+0
967.45,85,74+0
978.20,209,76+0
956.70,65,76+0+235
945.95,6955,65+0+6930
763.20,1810,76+0+1750
741.70,610,76+0
703.80,88,76+0+712
638.20,35,76+0+960
605.40,365,77+0+1050
597.20,1215,74+0+1394
589.00,49,77+0+0
589.00,67,77+0+0
589.00,65,77+0+0
589.00,68,77+0+0
589.00,110,72+0+0
597.20,195,75+0+0
671.00,2400,77+0+1850
671.00,1098,69+0+1012
605.40,485,73+0+1012
572.60,168,75+0+332
572.60,168,75+0+0
564.40,0,77+0+0
556.20,0,77+0+0
572.60,785,40+0+432
572.60,1030,40+0+990
572.60,1990,40+0+1970
539.80,2080,40+0+2390
490.60,1520,40+0+2130
531.60,3140,40+0+2280
572.60,5310,40+0+4658
556.20,4480,56+0+4880
490.60,1970,73+0+3610
490.60,1630,58+0+1560
556.20,985,5+0+156
605.40,722,57+0+0
638.20,525,57+0+0
638.20,72,57+0+0
638.20,76,57+0+0
638.20,75,56+0+0
638.20,69,57+0+0
622.80,55,57+182+0
614.10,155,57+190+0
605.40,148,57+178+0
605.40,375,57+110+0
605.40,175,57+110+0
589.00,155,56+250+0
580.80,148,46+178+0
564.40,145,57+240+0
548.00,152,57+255+0
531.60,145,57+252+0
515.20,130,57+245+0
507.00,85,57+110 +0
498.80,82,57+110+0
490.60,80,57+112+0
482.40,85,40+125+0
488.40,98,40+50+0
488.40,98,40+50+0
474.20,92,40+0+0
466.00,65,40+110+0
466.00,60,40+0
466.00,152,57+120
466.00,80,73+0
466.00,83,73+0
457.80,100,73+105
466.00,285,73+110
490.00,490,73+0
507.00,615,66+136
523.40,410,73+137
531.60,330,73+135
548.00,430,73+145
564.40,535,73+257
589.00,465,73+94
589.00,435,73+350
589.00,152,73+75
589.00,145,71+66
572.60,148,73+258
572.60,110,73+30
572.60,112,73+30
564.40,80,73+92
556.20,60,73+70
548.20,45,73+67
539.80,0,73+30
523.40,0,73+102
507.00,0,73+99
490.60,0,73+102
474.20,0,73+99
507.00,0,73+99
449.60,0,73+0
433.20,0,73+96
408.60,0,73+195
400.40,0,73+0
384.00,0,73+102
375.80,0,73+0
361.20,0,73+198
326.60,0,73+198
293.80,0,73+288
261.00,0,73+288
244.60,0,73+102
211.80,0,61+295
187.20,0,61+295
170.5,0,57+122
157.75,0,57+82
149.25,0,50+36
136.5,0,57+79
123.75,0,42+98
106.75,0,39+143
94.00,0,39+95
81.25,0,39+96
64.25,0,31+148
51.50,0,19+111
34.5,0,19+126
17.5,0,16+90
0,0,0
0,0,0
0,0,0
0,0,0
0,0,0
0,0,0
0,0,0
0,0,0
0,0,0
0,0,0
0,0,0
0,0,0
0,0,0
0,0,0
0,0,0
0,0,0
0,0,0
0,0,0
0,0,0
0,0,0
0,0,0
0,0,0
0,0,0
0,0,0
0,0,0
0,0,0
0,0,0
0,0,0
0,0,0
0,0,0
0,0,0
0,0,0
0,0,0
0,0,0
0,0,0
0,0,0
0,0,0
0,0,0
0,0,0
0,0,0
0,0,0
0,0,0
0,0,0
0,0,0
0,0,0
0,0,0
0,0,0
0,0,0
0,0,0
0,0,0
0,0,0
0,0,0
0,0,0
0,0,0
0,0,0
0,0,0
0,0,0
0,0,0
0,0,0
0,0,0
0,0,0
0,0,0
0,0,0
0,0,0
0,0,0
0,0,0
0,0,0
0,0,0
0,0,0
0,0,0
0,0,0
0,0,0
0,0,0
0,0,0
0,0,0
0,0,0
0,0,0
0,0,0
0,0,0
0,0,0
0,0,0
0,0,0
0,0,0
0,0,0
0,0,0
0,0,0
0,0,0
0,0,0
0,0,0
0,0,0
0,0,0
0,0,0
0,0,0
0,0,0
0,0,0
0,0,0
0,0,0
0,0,0
0,0,0
0,0,0
0,0,0
0,0,0
0,0,0
0,0,0
0,0,0
0,0,0
0,0,0
0,0,0
0,0,0
0,0,0
0,0,0
0,0,0
0,0,0
0,0,0
0,0,0
0,0,0
0,0,0
0,0,0
0,0,0
0,0,0
0,0,0
0,0,0
0,0,0
0,0,0
0,0,0
0,0,0
0,0,0
0,0,0
0,0,0
0,0,0
0,0,0
0,0,0
0,0,0
0,0,0
0,0,0
0,0,0
0,0,0
0,0,0
0,0,0
0,0,0
0,0,0
0,0,0
0,0,0
0,0,0
0,0,0
0,0,0
0,0,0
0,0,0
0,0,0
0,0,0
0,0,0
0,0,0
0,0,0
0,0,0
0,0,0
0,0,0
0,0,0
0,0,0
0,0,0
0,0,0
0,0,0
0,0,0
0,0,0
0,0,0
0,0,0
0,0,0
0,0,0
0,0,0
0,0,0
0,0,0
0,0,0
0,0,0
0,0,0
0,0,0
0,0,0
0,0,0
0,0,0
0,0,0
0,0,0
0,0,0
0,0,0
0,0,0
0,0,0
0,0,0
0,0,0
0,0,0
0,0,0
0,0,0
0,0,0
0,0,0
0,0,0
0,0,0
0,0,0
0,0,0
0,0,0
0,0,0
0,0,0
0,0,0
0,0,0
0,0,0
0,0,0
0,0,0
0,0,0
0,0,0
0,0,0
0,0,0
0,0,0
0,0,0
0,0,0
0,0,0
0,0,0
0,0,0
0,0,0
0,0,0
0,0,0
0,0,0
0,0,0
0,0,0
0,0,0
0,0,0
0,0,0
0,0,0
0,0,0
0,0,0
0,0,0
0,0,0
0,0,0
0,0,0
0,0,0
0,0,0
0,0,0
0,0,0
0,0,0
0,0,0
0,0,0
0,0,0
0,0,0
0,0,0
0,0,0
0,0,0
0,0,0
0,0,0
0,0,0
0,0,0
0,0,0
0,0,0
0,0,0
0,0,0
0,0,0
0,0,0
0,0,0
0,0,0
0,0,0
0,0,0
0,0,0
0,0,0
0,0,0
0,0,0
136.5,720,0
222.20,1180,0
343,1470,0
441.40,1470,0
515.20,854,0
556.20,474,0
597,474,0
630.50,385,0
638.20,110,0
638.20,0,0
638.20,0,0
630.50,0,48
612.36,0,57
602.12,0,57
589,25,52
597.20,175,49
597.20,65,61
589,0,63
577.52,0,64
564.40,0,63
556.20,0,67
548,0,62
539.80,0,21
531.60,0,21
523.40,0,61
515.20,0,61
507,0,60
498.80,0,58
460.60,0,59
471.20,0,60
466,0,62
457.80,0,50
441.40,0,38
433.20,0,42
425,0,44
416.80,0,47
408.60,0,64
404.40,0,42
392.20,0,41
384,0,25
375.80,0,26
367.60,0,26
359.40,0,27
351.20,0,26
343,0,28
326.60,0,48
310.20,0,45
293.80,0,45
285.60,0,48
277.40,0,43
269.20,0,44
252.89,0,49
244.60,0,49
236.40,0,45
220,0,38
203.60,0,31
195.40,0,30
187.20,0,30
179,0,30
170.50,0,26
162,0,30
157.75,0,27
153.50,0,30
145,0,24
136.50,0,33
132.25,0,29
123.75,0,33
115.25,0,26
106.75,0,30
98.25,0,30
89.75,0,30
85.50,0,27
81.25,0,28
77,0,30
72.75,0,29
72.75,0,24
68.50,0,30
72.75,75,24
77,79,27
81.25,68,31
77,0,31
72.5,0,30
68.50,0,30
64.25,0,29
60,0,26
55.75,0,30
51.50,0,26
47.25,0,25
43,0,21
38.75,0,23
34.50,0,18
30.25,16,16
26,0,16
21.75,0,17
17.50,0,17
13.25,0,17
13.25,0,14
13.25,0,13
9,0,14
9,0,9
0,0,3
0,0,0
0,0,0
0,0,0
0,0,0
0,0,0
0,0,0
0,0,0
0,0,0
0,0,0
0,0,0
0,0,0
0,0,0
0,0,0
0,0,0
0,0,0
0,0,0
0,0,0
0,0,0
0,0,0
0,0,0
0,0,0
0,0,0
0,0,0
0,0,0
0,0,0
0,0,0
0,0,0
0,0,0
0,0,0
0,0,0
0,0,0
0,0,0
0,0,0
0,0,0
0,0,0
0,0,0
0,0,0
0,0,0
0,0,0
0,0,0
0,0,0
0,0,0
0,0,0
0,0,0
0,0,0
0,0,0
0,0,0
0,0,0
0,0,0
0,0,0
0,0,0
0,0,0
0,0,0
0,0,0
0,0,0
0,0,0
0,0,0
0,0,0
0,0,0
0,0,0
0,0,0
0,0,0
0,0,0
0,0,0
0,0,0
0,0,0
0,0,0
0,0,0
0,0,0
0,0,0
0,0,0
0,0,0
0,0,0
0,0,0
0,0,0
0,0,0
0,0,0
0,0,0
0,0,0
0,0,0
0,0,0
0,0,0
0,0,0
0,0,0
0,0,0
0,0,0
0,0,0
0,0,0
0,0,0
0,0,0
0,0,0
0,0,0
0,0,0
0,0,0
0,0,0
0,0,0
0,0,0
0,0,0
0,0,0
0,0,0
0,0,0
0,0,0
0,0,0
0,0,0
0,0,0
0,0,0
0,0,0
0,0,0
0,0,0
0,0,0
0,0,0
0,0,0
0,0,0
0,0,0
0,0,0
0,0,0
0,0,0
0,0,0
0,0,0
0,0,0
0,0,0
0,0,0
0,0,0
0,0,0
0,0,0
0,0,0
0,0,0
0,0,0
0,0,0
0,0,0
0,0,0
0,0,0
0,0,0
0,0,0
0,0,0
0,0,0
0,0,0
0,0,0
0,0,0
0,0,0
0,0,0
0,0,0
0,0,0
0,0,0
0,0,0
0,0,0
0,0,0
0,0,0
0,0,0
0,0,0
0,0,0
0,0,0
0,0,0
0,0,0
0,0,0
0,0,0
0,0,0
0,0,0
0,0,0
0,0,0
0,0,0
0,0,0
0,0,0
0,0,0
0,0,0
0,0,0
0,0,0
0,0,0
0,0,0
0,0,0
0,0,0
0,0,0
0,0,0
0,0,0
0,0,0
0,0,0
0,0,0
0,0,0
0,0,0
0,0,0
0,0,0
0,0,0
0,0,0
0,0,0
0,0,0
0,0,0
0,0,0
0,0,0
0,0,0
0,0,0
0,0,0
0,0,0
0,0,0
0,0,0
0,0,0
0,0,0
0,0,0
0,0,0
0,0,0
0,0,0
0,0,0
0,0,0
0,0,0
0,0,0
0,0,0
0,0,0
0,0,0
0,0,0
0,0,0
0,0,0
0,0,0
0,0,0
0,0,0
0,0,0
0,0,0
0,0,0
0,0,0
0,0,0
0,0,0
0,0,0
0,0,0
0,0,0
0,0,0
0,0,0
0,0,0
0,0,0
0,0,0
0,0,0
0,0,0
0,0,0
0,0,0
0,0,0
0,0,0
0,0,0
0,0,0
0,0,0
0,0,0
0,0,0
0,0,0
0,0,0
0,0,0
0,0,0
0,0,0
0,0,0
0,0,0
0,0,0
0,0,0
0,0,0
0,0,0
170.50,794,0
220,756,0
261,475,0
277.40,190,0
343,759,0
425,949,0
507,949,0
622.80,1340,0
795.45,1998,0
902.15,1734,980
881.45,400,400
881.45,350,350
881.45,160,160
870.70,100,100
881.50,192,68
892.20,193,68
892.20,76,76
892.20,76,76
892.20,70,70
892.20,88,88
881.45,37,88
859.95,0,306
838.45,0,248
816.95,0,248
795.45,0,248
773.95,0,248
741.70,0,373
712.00,0,343
679.20,0,380
646.40,0,380
622.80,0,273
622.80,65,65
638.20,244,66
654.60,190,66
687.40,445,67
720.20,449,70
978.20,3056,71
 1014.65, 1014.65,934
990.42,990.42,599
945.95,945.95,332
935.20,935.20,71
935.20,71,71
978.20,568,72
1027.00,636,71
1075.70,635,72
1124.40,636,72
1209.62,1060,72
1331.35,1480,72
1331.35,0,141
1294.85,0,420
1258.32,0,423
1221.80,0,423
1185.27,0,423
1148.75,0,420
1112.22,0,420
1075.70,0,418
1051.35,0,282
1027.00,0,282
1002.65,0,278
978.20,0,283
956.70,0,249
935.20,0,249
913.70,0,176
892.20,0,248
870.70,0,249
838.45,0,360
806.20,0,355
773.95,0,357
741.70,0,362
712.00,0,340
687.40,0,285
662.80,0,280
638.20,0,275
614.10,0,270
589.00,0,275
564.40,0,280
564.40,0,72
564.40,0,72
564.40,72,72
564.40,72,72
564.40,72,72
564.40,72,72
564.40,72,72
564.40,72,72
564.40,72,72
564.40,0,62
556.20,72,167
548.00,45,140
539.80,25,120
531.60,0,95
515.20,0,188
498.80,0,184
490.60,0,95
474.20,0,190
457.80,0,184
441.40,0,182
425.00,0,188
408.60,0,185
392.20,0,190
375.80,0,180
359.40,0,188
343.00,0,182
326.60,0,184
310.20,0,181
293.80,0,167
277.40,0,162
261.00,0,157
244.60,0,152
228.20,0,147
220.00,0,72
211.80,0,72
203.60,0,72
195.40,0,72
187.20,0,72
179.00,0,72
174.75,0,72
166.25,0,72
162.00,0,72
153.50,0,72
149.25,0,72
140.75,0,71
136.50,0,69
128.00,0,71
123.75,0,72
115.25,0,68
111.00,0,68
102.50,0,70
98.25,0,70
89.75,0,72
81.25,0,72
77.00,0,72
68.50,0,71
64.25,0,71
55.75,0,70
47.25,0,70
38.75,0,54
30.25,0,44
26.00,0,37
21.75,0,27
17.50,0,18
13.25,0,18
9.00,0,18
9.00,0,18
9.00,0,18
9.00,0,18
9.00,0,18
0.00,0,0
0.00,0,0
0.00,0,0
0.00,0,0
0.00,0,0
0.00,0,0
0.00,0,0
0.00,0,0
0.00,0,0
0.00,0,0
0.00,0,0
0.00,0,0
0.00,0,0
0.00,0,0
0.00,0,0
0.00,0,0
0.00,0,0
0.00,0,0
0.00,0,0
0.00,0,0
0.00,0,0
0.00,0,0
0.00,0,0
0.00,0,0
0.00,0,0
0.00,0,0
0.00,0,0
0.00,0,0
0.00,0,0
0.00,0,0
0.00,0,0
0.00,0,0
0.00,0,0
0.00,0,0
0.00,0,0
0.00,0,0
0.00,0,0
0.00,0,0
0.00,0,0
0.00,0,0
0.00,0,0
0.00,0,0
0.00,0,0
0.00,0,0
0.00,0,0
0.00,0,0
0.00,0,0
0.00,0,0
0.00,0,0
0.00,0,0
0.00,0,0
0.00,0,0
0.00,0,0
0.00,0,0
0.00,0,0
0.00,0,0
0.00,0,0
0.00,0,0
0.00,0,0
0.00,0,0
0.00,0,0
0.00,0,0
0.00,0,0
0.00,0,0
0.00,0,0
0.00,0,0
0.00,0,0
0.00,0,0
0.00,0,0
0.00,0,0
0.00,0,0
0.00,0,0
0.00,0,0
0.00,0,0
0.00,0,0
0.00,0,0
0.00,0,0
0.00,0,0
0.00,0,0
0.00,0,0
0.00,0,0
0.00,0,0
0.00,0,0
0.00,0,0
0.00,0,0
0.00,0,0
0.00,0,0
0.00,0,0
0.00,0,0
0.00,0,0
0.00,0,0
0.00,0,0
0.00,0,0
0.00,0,0
0.00,0,0
0.00,0,0
0.00,0,0
0.00,0,0
0.00,0,0
0.00,0,0
0.00,0,0
0.00,0,0
0.00,0,0
0.00,0,0
0.00,0,0
0.00,0,0
0.00,0,0
0.00,0,0
0.00,0,0
0.00,0,0
0.00,0,0
0.00,0,0
0.00,0,0
0.00,0,0
0.00,0,0
0.00,0,0
0.00,0,0
0.00,0,0
0.00,0,0
0.00,0,0
0.00,0,0
0.00,0,0
0.00,0,0
0.00,0,0
0.00,0,0
0.00,0,0
0.00,0,0
0.00,0,0
0.00,0,0
0.00,0,0
0.00,0,0
0.00,0,0
0.00,0,0
416.80,1700,0
556.20,1700,0
671.00,1700,0
763.20,1300,0
902.25,1550,0
1027.00,900,0
1112.22,900,0
1197.45,920,0
1295.85,800,520
1270.50,800,975
1270.50,800,916
1270.50,690,644
1270.50,690,635
1307.02,1046,624
1331.35,922,640
1343.50,784,644
1185.27,200,2032
1051.35,200,1750
978.20,200,1046
978.20,750,750
978.20,1524,1174
1051.35,1524,700
1124.40,1545,700
1160.90,1420,974
1246.15,1545,700
1294.85,1400,840
1343.50,1400,840
1343.50,1400,840
1343.50,1350,1350
1343.20,1450,1450
1343.50,1344,1450
1343.50,1450,1450
1343.50,1350,1350
1343.50,1350,1350
1343.50,1300,1300
1343.50,1300,1300
1343.50,1100,1100
1343.50,1100,1100
1343.50,1100,1100
1343.50,1100,1100
1343.50,1100,1100
1343.50,1100,1100
1343.50,1100,1100
1343.50,1150,1150
1343.50,927,927
1343.50,927,927
1343.50,790,790
1319.20,250,530
1294.85,250,530
1270.50,230,510
1233.97,0,420
1197.45,0,425
1160.92,0,420
1112.22,0,564
1051.35,0,705
1002.65,0,564
956.70,0,530
913.70,0,498
870.70,0,498
838.45,0,374
806.20,250,624
870.70,1421,674
913.70,1172,674
967.45,1296,674
978.20,548,424
978.20,250,250
978.20,250,250
978.20,150,150
978.20,150,150
978.20,150,150
978.20,150,150
956.70,0,249
935.20,0,249
902.95,0,373
859.95,0,497
816.95,0,497
784.70,0,370
763.20,0,249
730.95,0,373
730.95,150,150
720.20,100,224
752.45,477,104
752.45,250,250
795.45,722,224
784.70,150,274
741.70,70,567
687.40,70,698
662.80,50,300
654.60,190,284
630.50,50,329
589.00,30,510
564.40,60,245
580.80,378,188
662.80,1100,151
784.70,1573,162
881.45,1285,165
945.95,914,167
990.42,683,168
1002.65,401,259
1002.65,205,205
990.42,62,204
978.20,96,238
956.70,0,249
924.45,0,374
892.20,0,374
859.95,0,374
881.45,439,190
870.70,0,125
935.20,821,74
978.20,572,74
990.42,420,278
990.42,450,450
990.42,943,943
935.20,50,589
990.42,712,73
1014.83,507,224
1100.05,1161,174
1173.10,1018,172
1246.15,1350,506
1270.50,960,678
1173.10,646,1774
1136.57,525,949
1136.57,430,430
1173.10,572,149
1173.10,344,344
1197.45,436,154
1197.45,124,124
1197.45,210,210
1197.45,198,198
1185.27,139,280
1173.10,90,231
1173.10,150,150
1160.92,100,241
1124.40,70,493
1100.05,90,372 
1075.70,70,353
1075.70,275,275
1075.70,250,250
1075.70,150,150
1063.52,75,216
1051.35,70,216
1014.82,0,423
978.20,0,423
990.42,350,208
1075.70,1060,73
1160.92,1060,74
1270.50,1342,74
1392.10,1480,72
1465.00,1093,249
1465.00,879,879
1465.00,604,604
1465.00,180,180
